{
    "name": "Joe biden",
    "ID": 0,
    "Position": {
        "x": 1.2000000476837158,
        "y": 3.4000000953674316
    },
    "Rotation": 6.900000095367432
}
